{
  "display": {
    "icon": {
      "item": "minecraft:white_banner"
    },
    "title": "Banner Placed",
    "description": "Place Banner",
    "show_toast": false,
    "announce_to_chat": false,
    "hidden": true
  },
  "parent": "bannerflags:root",
  "criteria": {
    "requirement": {
      "trigger": "minecraft:placed_block",
      "conditions": {
        "player": [
          {
            "condition": "minecraft:entity_properties",
            "entity": "this",
            "predicate": {
              "flags": {
                "is_sneaking": true
              }
            }
          }
        ],
        "location": [
          {
            "condition": "minecraft:any_of",
            "terms": [
              {
                "condition": "minecraft:block_state_property",
                "block": "minecraft:black_wall_banner",
                "properties": {}
              },
              {
                "condition": "minecraft:block_state_property",
                "block": "minecraft:blue_wall_banner",
                "properties": {}
              },
              {
                "condition": "minecraft:block_state_property",
                "block": "minecraft:brown_wall_banner",
                "properties": {}
              },
              {
                "condition": "minecraft:block_state_property",
                "block": "minecraft:cyan_wall_banner",
                "properties": {}
              },
              {
                "condition": "minecraft:block_state_property",
                "block": "minecraft:gray_wall_banner",
                "properties": {}
              },
              {
                "condition": "minecraft:block_state_property",
                "block": "minecraft:green_wall_banner",
                "properties": {}
              },
              {
                "condition": "minecraft:block_state_property",
                "block": "minecraft:light_blue_wall_banner",
                "properties": {}
              },
              {
                "condition": "minecraft:block_state_property",
                "block": "minecraft:light_gray_wall_banner",
                "properties": {}
              },
              {
                "condition": "minecraft:block_state_property",
                "block": "minecraft:lime_wall_banner",
                "properties": {}
              },
              {
                "condition": "minecraft:block_state_property",
                "block": "minecraft:magenta_wall_banner",
                "properties": {}
              },
              {
                "condition": "minecraft:block_state_property",
                "block": "minecraft:orange_wall_banner",
                "properties": {}
              },
              {
                "condition": "minecraft:block_state_property",
                "block": "minecraft:pink_wall_banner",
                "properties": {}
              },
              {
                "condition": "minecraft:block_state_property",
                "block": "minecraft:purple_wall_banner",
                "properties": {}
              },
              {
                "condition": "minecraft:block_state_property",
                "block": "minecraft:red_wall_banner",
                "properties": {}
              },
              {
                "condition": "minecraft:block_state_property",
                "block": "minecraft:white_wall_banner",
                "properties": {}
              },
              {
                "condition": "minecraft:block_state_property",
                "block": "minecraft:yellow_wall_banner",
                "properties": {}
              }
            ]
          }
        ]
      }
    }
  },
  "rewards": {
    "function": "bannerflags:start_ray"
  }
}